beat_id,rank,origin,asset_id,provider,video_id,query,semantic_score,final_score,width,height,duration,contributor,page_url,filename,status,error
B001,1,library,pexels:12258246,pexels,12258246,calm sea before sunrise,0.14457306653261184,0.17457306653261184,3840,2160,60.0,Lies,https://www.pexels.com/video/relaxing-view-of-breaking-waves-in-slow-motion-12258246/,B001_PEXELS_12258246.mp4,reused,
B001,2,library,pexels:27980380,pexels,27980380,ocean blue hour wide,0.13725318679213525,0.16725318679213524,3840,2160,15.0,Thanawut Theerakul,https://www.pexels.com/video/a-view-of-the-ocean-from-a-boat-27980380/,B001_PEXELS_27980380.mp4,reused,
B002,1,library,pixabay:181816,pixabay,181816,wet coastal rocks dawn,0.12882188414037227,0.15882188414037227,1920,1080,28.0,Mario_Krimer,https://pixabay.com/videos/id-181816/,B002_PIXABAY_181816.mp4,reused,
B002,2,library,pixabay:358508,pixabay,358508,wet coastal rocks dawn,0.1287362591922283,0.1587362591922283,3840,2160,29.0,Our_Planet,https://pixabay.com/videos/id-358508/,B002_PIXABAY_358508.mp4,reused,
B003,1,library,pexels:36402891,pexels,36402891,walker shoreline wide,0.1690712296962738,0.1990712296962738,3840,2160,17.0,Efrem  Efre,https://www.pexels.com/video/black-and-white-landscape-of-frozen-sea-36402891/,B003_PEXELS_36402891.mp4,reused,
B003,2,library,pexels:10541053,pexels,10541053,walker shoreline wide,0.1485619281977415,0.1785619281977415,3840,2160,27.0,Aleks BM,https://www.pexels.com/video/sea-waves-on-shore-10541053/,B003_PEXELS_10541053.mp4,reused,
B004,1,library,pixabay:74888,pixabay,74888,ocean first light horizon,0.1609144972264767,0.1909144972264767,3840,2160,36.0,daniloriba,https://pixabay.com/videos/id-74888/,B004_PIXABAY_74888.mp4,reused,
B004,2,library,pexels:34834947,pexels,34834947,coast morning wide,0.14404422309994697,0.17404422309994697,1920,1080,28.0,Nothing Ahead,https://www.pexels.com/video/calm-ocean-waves-at-daytime-34834947/,B004_PEXELS_34834947.mp4,reused,
B005,1,library,pexels:34848383,pexels,34848383,birds flying morning,0.1601161865144968,0.1901161865144968,3840,2160,25.0,Dikunj  Vaghela,https://www.pexels.com/video/serene-water-birds-at-sunrise-in-winter-34848383/,B005_PEXELS_34848383.mp4,reused,
B005,2,library,pixabay:59291,pixabay,59291,birds coast sunrise,0.1441292952373624,0.1741292952373624,3840,2160,19.0,trilemedia,https://pixabay.com/videos/id-59291/,B005_PIXABAY_59291.mp4,reused,
B006,1,library,pixabay:216058,pixabay,216058,shore landscape sunrise,0.15780110187828542,0.18780110187828541,3840,2160,33.0,Drone_Aventura,https://pixabay.com/videos/id-216058/,B006_PIXABAY_216058.mp4,reused,
B006,2,library,pixabay:18390,pixabay,18390,coastal clouds aerial,0.14961639097332954,0.17641639097332953,3840,2160,11.0,Nature-Stock-Footage,https://pixabay.com/videos/id-18390/,B006_PIXABAY_18390.mp4,reused,
B007,1,library,pixabay:66810,pixabay,66810,coastal grass morning,0.180014960244298,0.210014960244298,3840,2160,28.0,JustYøu,https://pixabay.com/videos/id-66810/,B007_PIXABAY_66810.mp4,reused,
B007,2,library,pexels:4248050,pexels,4248050,sea breeze meadow dawn,0.17950540003180504,0.20950540003180504,1920,1080,26.0,Matthias Groeneveld,https://www.pexels.com/video/video-of-grassfield-4248050/,B007_PEXELS_4248050.mp4,reused,
B008,1,library,pexels:3507469,pexels,3507469,birds flying morning,0.14614966973662377,0.17614966973662377,3840,2160,20.0,NSU MON,https://www.pexels.com/video/a-chirping-bird-perch-on-the-tip-of-a-steel-bar-3507469/,B008_PEXELS_3507469.mp4,reused,
B008,2,library,pexels:15499553,pexels,15499553,birds coast sunrise,0.141033353805542,0.171033353805542,3840,2160,26.0,Ash Haghighi,https://www.pexels.com/video/sunset-15499553/,B008_PEXELS_15499553.mp4,reused,
B009,1,library,pexels:31807899,pexels,31807899,misty trees morning,0.15964483857154846,0.18964483857154846,3840,2160,25.0,Matthias Groeneveld,https://www.pexels.com/video/sunlit-forest-pathway-in-serene-woodland-31807899/,B009_PEXELS_31807899.mp4,reused,
B009,2,library,pexels:10579237,pexels,10579237,forest morning aerial,0.15139787118881942,0.18139787118881942,3840,2160,36.0,Traveling on  the Go,https://www.pexels.com/video/birds-eye-view-of-a-winding-stream-near-a-forest-10579237/,B009_PEXELS_10579237.mp4,reused,
B010,1,library,pexels:27065367,pexels,27065367,field first light,0.15115641221404078,0.18115641221404077,3840,2160,22.0,Matthias Groeneveld,https://www.pexels.com/video/the-sun-shines-through-the-trees-in-the-woods-27065367/,B010_PEXELS_27065367.mp4,reused,
B010,2,library,pixabay:39832,pixabay,39832,meadow morning wide,0.13436982236802578,0.16436982236802578,3840,2160,20.0,adege,https://pixabay.com/videos/id-39832/,B010_PIXABAY_39832.mp4,reused,
B011,1,library,pexels:29581749,pexels,29581749,tidal river sunrise,0.1799101160466671,0.2099101160466671,3840,2160,59.0,Aaron Burden,https://www.pexels.com/video/aerial-view-of-serene-river-and-misty-landscape-29581749/,B011_PEXELS_29581749.mp4,reused,
B011,2,library,pexels:2711145,pexels,2711145,coastal watershed drone,0.17663285672664644,0.20663285672664644,3840,2160,16.0,K,https://www.pexels.com/video/drone-footage-of-the-thick-fog-on-a-mountain-forest-2711145/,B011_PEXELS_2711145.mp4,reused,
B012,1,library,pexels:5909382,pexels,5909382,meadow dew sunrise,0.17144952952861786,0.20144952952861786,3840,2160,24.0,Yaroslav Shuraev,https://www.pexels.com/video/moss-on-the-ground-5909382/,B012_PEXELS_5909382.mp4,reused,
B012,2,library,pexels:3161277,pexels,3161277,grass morning close up,0.15256853294372558,0.18256853294372558,1920,1080,17.0,Peter Fowler,https://www.pexels.com/video/close-up-video-of-a-moss-3161277/,B012_PEXELS_3161277.mp4,reused,
B013,1,library,pexels:7230923,pexels,7230923,coastal wildflowers morning,0.12211276717483999,0.15211276717483999,3840,2160,16.0,Taryn Elliott,https://www.pexels.com/video/close-up-shot-of-fern-leaf-7230923/,B013_PEXELS_7230923.mp4,reused,
B013,2,library,pixabay:307611,pixabay,307611,coast nature detail,0.11888265034556389,0.1488826503455639,1920,1080,15.0,Mario_Krimer,https://pixabay.com/videos/id-307611/,B013_PIXABAY_307611.mp4,reused,
B014,1,library,pexels:6922874,pexels,6922874,meadow dew sunrise,0.13724324494600296,0.16724324494600296,3840,2160,21.0,Taryn Elliott,https://www.pexels.com/video/a-moving-shot-of-the-sun-behind-the-tree-branch-6922874/,B014_PEXELS_6922874.mp4,reused,
B014,2,library,pexels:5833097,pexels,5833097,wildflowers first light,0.13648002609610557,0.16648002609610557,4096,2160,25.0,KATRIN  BOLOVTSOVA,https://www.pexels.com/video/walkway-through-the-woods-5833097/,B014_PEXELS_5833097.mp4,reused,
B015,1,library,pexels:31986473,pexels,31986473,coast dawn drone,0.14888835228979588,0.17888835228979588,3840,2160,16.0,Christopher Borges,https://www.pexels.com/video/sunrise-with-mist-over-foggy-river-31986473/,B015_PEXELS_31986473.mp4,reused,
B015,2,library,pixabay:102106,pixabay,102106,ocean sunrise aerial,0.1484280079007149,0.1784280079007149,3840,2160,15.0,Prismavector,https://pixabay.com/videos/id-102106/,B015_PIXABAY_102106.mp4,reused,
B016,1,library,pexels:38099169,pexels,38099169,coastal clouds aerial,0.15305320635437966,0.18305320635437966,3840,2160,30.0,David Solce,https://www.pexels.com/video/aerial-view-of-river-and-mountains-at-sunset-38099169/,B016_PEXELS_38099169.mp4,reused,
B016,2,library,pexels:34023415,pexels,34023415,coastal clouds aerial,0.1510577666014433,0.17945776660144327,3840,2160,13.0,Santhosh Peddi,https://www.pexels.com/video/stunning-foggy-landscape-aerial-at-sunrise-34023415/,B016_PEXELS_34023415.mp4,reused,
B017,1,library,pexels:26626435,pexels,26626435,Scripture ocean dawn,0.1430628178268671,0.1730628178268671,3840,2160,18.0,Luca Musella,https://www.pexels.com/video/the-sun-is-setting-over-the-ocean-and-a-small-island-26626435/,B017_PEXELS_26626435.mp4,reused,
B017,2,library,pexels:34228902,pexels,34228902,Scripture ocean dawn,0.13878846406936646,0.16878846406936646,3840,2160,41.0,Oskar Gross,https://www.pexels.com/video/serene-ocean-sunset-captured-by-drone-34228902/,B017_PEXELS_34228902.mp4,reused,
B018,1,library,pexels:13933588,pexels,13933588,coastal mist morning,0.1637125113606453,0.1937125113606453,3840,2160,22.0,Max Parada,https://www.pexels.com/video/clouds-over-hills-on-sea-shore-13933588/,B018_PEXELS_13933588.mp4,reused,
B018,2,library,pixabay:189813,pixabay,189813,shore fog sunrise,0.1506873355805874,0.1806873355805874,3840,2160,23.0,Matthias_Groeneveld,https://pixabay.com/videos/id-189813/,B018_PIXABAY_189813.mp4,reused,
B019,1,library,pixabay:21175,pixabay,21175,bright horizon dawn,0.12955509558320047,0.15795509558320045,3840,2160,13.0,ChristianBodhi,https://pixabay.com/videos/id-21175/,B019_PIXABAY_21175.mp4,reused,
B019,2,library,pixabay:206272,pixabay,206272,coastal sky morning,0.1204893732070923,0.1504893732070923,3840,2160,35.0,TonyDias7,https://pixabay.com/videos/id-206272/,B019_PIXABAY_206272.mp4,reused,
B020,1,library,pexels:32909321,pexels,32909321,misty trees morning,0.16132406905293464,0.19132406905293464,3840,2160,29.0,Jay's Photography,https://www.pexels.com/video/4k-aerial-view-of-irish-forest-path-32909321/,B020_PEXELS_32909321.mp4,reused,
B020,2,library,pexels:11675380,pexels,11675380,forest morning aerial,0.15757123470306397,0.18757123470306397,3840,2160,22.0,Sergei Skrynnik,https://www.pexels.com/video/drone-footage-of-a-river-in-a-mountain-landscape-11675380/,B020_PEXELS_11675380.mp4,reused,
B021,1,library,pixabay:65560,pixabay,65560,golden waves morning,0.14510296513140203,0.17510296513140203,1920,1080,23.0,missdeena,https://pixabay.com/videos/id-65560/,B021_PIXABAY_65560.mp4,reused,
B021,2,library,pexels:17288758,pexels,17288758,sunlight ocean detail,0.13356996417045594,0.16356996417045594,3840,2160,49.0,Luz Calor Som,https://www.pexels.com/video/drone-footage-above-the-meeting-of-the-river-and-the-sea-17288758/,B021_PEXELS_17288758.mp4,reused,
B022,1,library,pixabay:106600,pixabay,106600,nature detail sunrise,0.17242661112546923,0.20242661112546922,4096,2160,15.0,CLEARSTREAMFILM,https://pixabay.com/videos/id-106600/,B022_PIXABAY_106600.mp4,reused,
B022,2,library,pixabay:203449,pixabay,203449,forest leaves morning,0.1402347348034382,0.1702347348034382,3840,2160,15.0,JoshuaWoroniecki,https://pixabay.com/videos/id-203449/,B022_PIXABAY_203449.mp4,reused,
B023,1,library,pexels:8541467,pexels,8541467,hands shoreline dawn,0.15596906138584019,0.18596906138584018,3840,2160,73.0,Tom Fisk,https://www.pexels.com/video/drone-footage-of-a-river-8541467/,B023_PEXELS_8541467.mp4,reused,
B023,2,library,pexels:6278330,pexels,6278330,surrender nature sunrise,0.1495442621037364,0.1795442621037364,3840,2160,19.0,Ambient_Nature_ Atmosphere,https://www.pexels.com/video/beautiful-lake-by-the-forest-6278330/,B023_PEXELS_6278330.mp4,reused,
B024,1,library,pexels:29136188,pexels,29136188,Scripture nature light,0.15326557276770472,0.18326557276770472,3840,2160,30.0,Sergey Guk,https://www.pexels.com/video/aerial-view-of-serene-mountain-landscape-at-sunrise-29136188/,B024_PEXELS_29136188.mp4,reused,
B024,2,library,pexels:11675458,pexels,11675458,open Bible meadow morning,0.15260560043156146,0.18260560043156146,3840,2160,25.0,Sergei Skrynnik,https://www.pexels.com/video/aerial-view-of-a-river-in-the-mountains-in-altai-11675458/,B024_PEXELS_11675458.mp4,reused,
B025,1,library,pexels:18851815,pexels,18851815,tidal river sunrise,0.15002933653071523,0.18002933653071523,3840,2160,50.0,Tom Fisk,https://www.pexels.com/video/aerial-view-of-the-river-and-the-sunrise-18851815/,B025_PEXELS_18851815.mp4,reused,
B025,2,library,pexels:10728079,pexels,10728079,estuary morning aerial,0.1424317417293787,0.1724317417293787,3840,2160,96.0,Tom Fisk,https://www.pexels.com/video/fog-over-river-curves-10728079/,B025_PEXELS_10728079.mp4,reused,
B026,1,library,pexels:33213917,pexels,33213917,coastal grass morning,0.11136712931096554,0.14136712931096554,3840,2160,23.0,K,https://www.pexels.com/video/aerial-view-of-serene-green-forest-trails-33213917/,B026_PEXELS_33213917.mp4,reused,
B027,1,library,pexels:6508498,pexels,6508498,wet leaves close up,0.1736363222450018,0.2036363222450018,3840,2160,18.0,Tima Miroshnichenko,https://www.pexels.com/video/close-up-shot-of-leaves-with-water-6508498/,B027_PEXELS_6508498.mp4,reused,
B027,2,library,pexels:28962347,pexels,28962347,wet leaves close up,0.1525864489004016,0.1825864489004016,3840,2160,20.0,Karl  Byron,https://www.pexels.com/video/dewy-leaves-in-lush-greenery-shot-28962347/,B027_PEXELS_28962347.mp4,reused,
B028,1,library,pexels:30226963,pexels,30226963,gentle rain leaves morning,0.15781956925988197,0.18781956925988197,4096,2160,50.0,Sergei Starostin,https://www.pexels.com/video/black-and-white-raindrops-on-leaves-close-up-30226963/,B028_PEXELS_30226963.mp4,reused,
B028,2,library,pexels:4220800,pexels,4220800,gentle rain leaves morning,0.14663154617697,0.17663154617697,1920,1080,301.0,Hinata Japan,https://www.pexels.com/video/video-of-a-wet-tree-branch-4220800/,B028_PEXELS_4220800.mp4,reused,
B029,1,library,pexels:13016862,pexels,13016862,meadow morning aerial,0.13606211357315381,0.1660621135731538,2560,1440,35.0,Carsten Link,https://www.pexels.com/video/sun-over-woods-13016862/,B029_PEXELS_13016862.mp4,reused,
B029,2,library,pexels:34445262,pexels,34445262,field sunrise drone,0.1341490538418293,0.1641490538418293,3840,2160,25.0,Septimiu Lupea,https://www.pexels.com/video/scenic-sunrise-over-serene-river-valley-34445262/,B029_PEXELS_34445262.mp4,reused,
B030,1,library,pexels:17992784,pexels,17992784,wildflowers first light,0.11972222417593004,0.14972222417593004,3840,2160,37.0,Sacha Moreau,https://www.pexels.com/video/a-picnic-table-in-the-woods-with-the-sun-shining-through-17992784/,B030_PEXELS_17992784.mp4,reused,
B030,2,library,pexels:31807934,pexels,31807934,wildflowers first light,0.13308303967118265,0.12808303967118265,3840,2160,21.0,Matthias Groeneveld,https://www.pexels.com/video/serene-sunrise-through-forest-trees-31807934/,B030_PEXELS_31807934.mp4,reused,
B031,1,library,pexels:33458345,pexels,33458345,grass coast sunrise,0.15161180436611177,0.18161180436611177,3840,2160,22.0,Ahto Palmre,https://www.pexels.com/video/serene-sunrise-over-misty-forest-landscape-33458345/,B031_PEXELS_33458345.mp4,reused,
B031,2,library,pexels:13980197,pexels,13980197,shore field dawn,0.13337395392358303,0.16337395392358303,3840,2160,45.0,James Cover,https://www.pexels.com/video/birds-flying-off-lake-and-fisherman-on-lake-13980197/,B031_PEXELS_13980197.mp4,reused,
B033,1,library,pexels:5386138,pexels,5386138,hands shoreline dawn,0.1353722633421421,0.1653722633421421,4096,2160,23.0,cottonbro studio,https://www.pexels.com/video/a-monk-praying-outdoors-5386138/,B033_PEXELS_5386138.mp4,reused,
B033,2,library,pixabay:287510,pixabay,287510,open hands river morning,0.12835329683497548,0.15835329683497548,3840,2160,16.0,Thamnguyen_TBVN,https://pixabay.com/videos/id-287510/,B033_PIXABAY_287510.mp4,reused,
B034,1,library,pexels:14057075,pexels,14057075,misty landscape dawn,0.1601163258825739,0.1901163258825739,2560,1440,20.0,Carsten Link,https://www.pexels.com/video/sunlight-through-trees-14057075/,B034_PEXELS_14057075.mp4,reused,
B034,2,library,pexels:2878082,pexels,2878082,green valley morning,0.141318321749568,0.171318321749568,3840,2160,30.0,K,https://www.pexels.com/video/aerial-view-of-a-beautiful-landscape-with-reflection-of-the-sun-on-the-river-2878082/,B034_PEXELS_2878082.mp4,reused,
B035,1,library,pexels:19804747,pexels,19804747,forest morning aerial,0.14441945803165437,0.17361945803165435,3840,2160,14.0,Sergei Garenko,https://www.pexels.com/video/sunset-golden-hour-over-the-river-19804747/,B035_PEXELS_19804747.mp4,reused,
B035,2,library,pexels:19365181,pexels,19365181,misty trees morning,0.14216797515749932,0.17216797515749932,3840,2160,35.0,David Pickup |  Advertising & Marketing  🇬🇧,https://www.pexels.com/video/dog-walking-in-the-snow-19365181/,B035_PEXELS_19365181.mp4,reused,
B036,1,library,pixabay:56477,pixabay,56477,misty trees morning,0.14938586741685866,0.17938586741685866,3840,2160,16.0,Matthias_Groeneveld,https://pixabay.com/videos/id-56477/,B036_PIXABAY_56477.mp4,reused,
B036,2,library,pexels:31814126,pexels,31814126,forest morning aerial,0.14230881310999394,0.17230881310999394,3840,2160,87.0,Tom Schönmann,https://www.pexels.com/video/stunning-aerial-view-of-serene-river-at-sunset-31814126/,B036_PEXELS_31814126.mp4,reused,
B037,1,library,pexels:18934396,pexels,18934396,field first light,0.11779131010174751,0.1127913101017475,3840,2160,63.0,Tom Fisk,https://www.pexels.com/video/aerial-view-of-a-river-and-fog-in-the-morning-18934396/,B037_PEXELS_18934396.mp4,reused,
B038,1,library,pixabay:136389,pixabay,136389,water over rocks sunrise,0.18727600765228272,0.21727600765228272,1920,1080,51.0,杨明,https://pixabay.com/videos/id-136389/,B038_PIXABAY_136389.mp4,reused,
B038,2,library,pexels:7716998,pexels,7716998,forest stream morning,0.15608809605240823,0.18608809605240823,3840,2160,60.0,I Am Sorin,https://www.pexels.com/video/water-flowing-in-the-river-7716998/,B038_PEXELS_7716998.mp4,reused,
B040,1,library,pexels:5563046,pexels,5563046,deer meadow mist,0.13951563104987144,0.16951563104987144,3840,2160,16.0,Yaroslav Shuraev,https://www.pexels.com/video/drone-footage-of-the-forest-during-autumn-5563046/,B040_PEXELS_5563046.mp4,reused,
B040,2,library,pexels:31194456,pexels,31194456,deer dawn wide,0.12732545748353005,0.15732545748353005,4096,2160,59.0,Engin Akyurt,https://www.pexels.com/video/serene-stream-flowing-over-mossy-rocks-31194456/,B040_PEXELS_31194456.mp4,reused,
B041,1,library,pexels:8453769,pexels,8453769,meadow dew sunrise,0.12422372601926326,0.08422372601926326,3840,2160,93.0,Tom Fisk,https://www.pexels.com/video/aerial-footage-of-a-landscape-8453769/,B041_PEXELS_8453769.mp4,reused,
B043,1,library,pexels:1436647,pexels,1436647,waterside detail dawn,0.14422496946156024,0.17342496946156022,1920,1080,14.0,Zuzanna Musial,https://www.pexels.com/video/reflection-of-trees-in-the-lake-1436647/,B043_PEXELS_1436647.mp4,reused,
B043,2,library,pixabay:168742,pixabay,168742,river reeds morning,0.12892310820519925,0.15892310820519925,3840,2160,37.0,KIMDAEJEUNG,https://pixabay.com/videos/id-168742/,B043_PIXABAY_168742.mp4,reused,
B044,1,library,pexels:29136253,pexels,29136253,river valley aerial morning,0.18246412105858326,0.21246412105858326,3840,2160,89.0,Sergey Guk,https://www.pexels.com/video/breathtaking-view-of-albanian-mountains-at-sunrise-29136253/,B044_PEXELS_29136253.mp4,reused,
B044,2,library,pixabay:70467,pixabay,70467,winding river drone,0.1624104128777981,0.1924104128777981,3840,2160,25.0,juwelfahim48,https://pixabay.com/videos/id-70467/,B044_PIXABAY_70467.mp4,reused,
B045,1,library,pexels:6512221,pexels,6512221,birds over river morning,0.1478328687697649,0.1778328687697649,3840,2160,35.0,Ambient_Nature_ Atmosphere,https://www.pexels.com/video/mist-over-the-lake-6512221/,B045_PEXELS_6512221.mp4,reused,
B045,2,library,pexels:6444883,pexels,6444883,birds over river morning,0.14331251285970212,0.17331251285970212,3840,2160,21.0,Ambient_Nature_ Atmosphere,https://www.pexels.com/video/low-angle-shot-of-the-lake-6444883/,B045_PEXELS_6444883.mp4,reused,
B046,1,library,pexels:10573375,pexels,10573375,meadow morning aerial,0.1289446470886469,0.05394464708864688,3840,2160,94.0,Tom Fisk,https://www.pexels.com/video/drone-footage-of-a-dense-forest-and-a-road-10573375/,B046_PEXELS_10573375.mp4,reused,
B047,1,library,pexels:5392007,pexels,5392007,foothill morning aerial,0.17266098820169767,0.20266098820169767,2560,1440,22.0,Griffin Wooldridge,https://www.pexels.com/video/aerial-footage-of-a-town-5392007/,B047_PEXELS_5392007.mp4,reused,
B047,2,library,pexels:26776945,pexels,26776945,valley sunrise drone,0.16228496000170708,0.19228496000170708,3840,2160,27.0,Aditya  Banerjee,https://www.pexels.com/video/mist-covered-hills-26776945/,B047_PEXELS_26776945.mp4,reused,
B048,1,library,pexels:18637358,pexels,18637358,Scripture nature light,0.12674516843259334,0.15674516843259334,3840,2160,15.0,Matias Luge,https://www.pexels.com/video/a-river-in-the-woods-with-trees-and-water-18637358/,B048_PEXELS_18637358.mp4,reused,
B048,2,library,pexels:19711802,pexels,19711802,Bible sunrise outdoors,0.12016611848771572,0.15016611848771572,1920,1080,51.0,Anton Atanasov,https://www.pexels.com/video/a-stream-flowing-through-a-forest-in-the-sun-19711802/,B048_PEXELS_19711802.mp4,reused,
B049,1,library,pexels:34445266,pexels,34445266,river valley morning,0.1719221518933773,0.2019221518933773,3840,2160,28.0,Septimiu Lupea,https://www.pexels.com/video/stunning-aerial-view-of-river-at-sunrise-34445266/,B049_PEXELS_34445266.mp4,reused,
B049,2,library,pexels:27112897,pexels,27112897,river valley morning,0.1709858555793762,0.1961858555793762,3840,2160,9.0,Alex Moliski,https://www.pexels.com/video/a-river-runs-through-a-valley-in-the-middle-of-a-forest-27112897/,B049_PEXELS_27112897.mp4,reused,
B050,1,library,pexels:5840477,pexels,5840477,walking bridge back view,0.15688600834459066,0.18688600834459065,4096,2160,18.0,KATRIN  BOLOVTSOVA,https://www.pexels.com/video/person-walking-alone-in-the-woods-5840477/,B050_PEXELS_5840477.mp4,reused,
B050,2,library,pexels:37130338,pexels,37130338,path over stream sunrise,0.15111473654210567,0.17631473654210567,3840,2160,9.0,Alex Moliski,https://www.pexels.com/video/serene-forest-walk-at-sunrise-in-utah-37130338/,B050_PEXELS_37130338.mp4,reused,
B051,1,library,pexels:19872896,pexels,19872896,river reeds morning,0.1323006296157837,0.1623006296157837,3840,2160,18.0,Jozef Papp,https://www.pexels.com/video/aerial-view-of-a-bridge-over-a-river-19872896/,B051_PEXELS_19872896.mp4,reused,
B051,2,library,pexels:19939748,pexels,19939748,river reeds morning,0.13048124094307423,0.16048124094307423,1920,1080,56.0,Aerial Wanderlust,https://www.pexels.com/video/sunrise-shot-19939748/,B051_PEXELS_19939748.mp4,reused,
B052,1,library,pixabay:1890,pixabay,1890,gentle coast golden light,0.1404187217546834,0.1704187217546834,2720,1434,34.0,bellergy,https://pixabay.com/videos/id-1890/,B052_PIXABAY_1890.mp4,reused,
B052,2,library,pexels:31626509,pexels,31626509,gentle coast golden light,0.13867101088166237,0.16867101088166236,3840,2160,27.0,David Kanigan,https://www.pexels.com/video/serene-sunrise-over-stamford-s-cove-island-park-31626509/,B052_PEXELS_31626509.mp4,reused,
B054,1,library,pexels:38641587,pexels,38641587,calm flock valley sunrise,0.14896111875772478,0.17896111875772477,3840,2160,51.0,Ruben Boekeloo,https://www.pexels.com/video/serene-sky-with-birds-flying-over-tree-canopy-38641587/,B054_PEXELS_38641587.mp4,reused,
B054,2,library,pexels:12590348,pexels,12590348,calm flock valley sunrise,0.14871085077524185,0.17871085077524185,4096,2160,48.0,Steven Van Elk,https://www.pexels.com/video/drone-shot-of-a-scenery-with-hills-12590348/,B054_PEXELS_12590348.mp4,reused,
B055,1,library,pexels:32033447,pexels,32033447,misty trees morning,0.14022200644016267,0.17022200644016267,3840,2160,33.0,Justin Stretch,https://www.pexels.com/video/peaceful-sunlit-woodland-path-in-spring-32033447/,B055_PEXELS_32033447.mp4,reused,
B055,2,library,pexels:27645984,pexels,27645984,misty trees morning,0.13032629457116127,0.16032629457116127,1920,1080,20.0,AP Vibes,https://www.pexels.com/video/a-puddle-in-the-woods-with-trees-and-a-path-27645984/,B055_PEXELS_27645984.mp4,reused,
B056,1,library,pexels:7919065,pexels,7919065,forest stream morning,0.15506913453340532,0.18506913453340532,3840,2160,60.0,I Am Sorin,https://www.pexels.com/video/water-flowing-on-a-forest-river-7919065/,B056_PEXELS_7919065.mp4,reused,
B056,2,library,pixabay:174860,pixabay,174860,gentle creek detail,0.1481090822815895,0.1781090822815895,3840,2160,28.0,Alex_Sochi7777,https://pixabay.com/videos/id-174860/,B056_PIXABAY_174860.mp4,reused,
B057,1,library,pexels:10397245,pexels,10397245,wildlife river dawn,0.1446750707551837,0.1746750707551837,3840,2160,22.0,Олеся Ронжанина,https://www.pexels.com/video/sunlight-over-stream-in-forest-10397245/,B057_PEXELS_10397245.mp4,reused,
B057,2,library,pexels:35897629,pexels,35897629,birds over river morning,0.13558020678162575,0.16398020678162573,1920,1080,13.0,Rich C,https://www.pexels.com/video/bird-by-the-river-in-arizona-desert-setting-35897629/,B057_PEXELS_35897629.mp4,reused,
B058,1,library,pixabay:91342,pixabay,91342,calm river landscape,0.13367225468158722,0.16367225468158722,3840,2160,30.0,extemporalist,https://pixabay.com/videos/id-91342/,B058_PIXABAY_91342.mp4,reused,
B058,2,library,pixabay:271161,pixabay,271161,river valley morning,0.13138719365000726,0.16138719365000725,3840,2160,27.0,McPix22,https://pixabay.com/videos/id-271161/,B058_PIXABAY_271161.mp4,reused,
B059,1,library,pexels:20559153,pexels,20559153,river reeds morning,0.1136632979363203,0.1436632979363203,1920,1080,64.0,Titus Blue,https://www.pexels.com/video/small-narrow-river-20559153/,B059_PEXELS_20559153.mp4,reused,
B060,1,library,pexels:32564405,pexels,32564405,open Bible meadow morning,0.11722201216965913,0.14722201216965913,3840,2160,25.0,Đào Thân,https://www.pexels.com/video/bird-perched-on-branch-in-lush-greenery-32564405/,B060_PEXELS_32564405.mp4,reused,
B060,2,library,pexels:11621861,pexels,11621861,Scripture nature light,0.11618045806884766,0.14618045806884766,3840,2160,60.0,I Am Sorin,https://www.pexels.com/video/flowing-water-in-stream-11621861/,B060_PEXELS_11621861.mp4,reused,
B061,1,library,pexels:4927959,pexels,4927959,beach sunrise wide,0.12381993845105171,0.1538199384510517,4096,2160,48.0,ROMAN ODINTSOV,https://www.pexels.com/video/sun-reflection-at-the-sea-water-4927959/,B061_PEXELS_4927959.mp4,reused,
B061,2,library,pexels:6135300,pexels,6135300,gentle coast golden light,0.11297276668250561,0.1429727666825056,3840,2160,59.0,Engin Akyurt,https://www.pexels.com/video/trees-in-the-forest-6135300/,B061_PEXELS_6135300.mp4,reused,
B062,1,library,pexels:6093375,pexels,6093375,sunrise river landscape,0.16914421372115612,0.16414421372115612,3840,2160,29.0,K,https://www.pexels.com/video/aerial-footage-of-trees-beside-a-river-6093375/,B062_PEXELS_6093375.mp4,reused,
B062,2,library,pexels:3779637,pexels,3779637,winding river drone,0.12419111435115338,0.15419111435115337,1920,1080,18.0,Taryn Elliott,https://www.pexels.com/video/aerial-footage-of-a-road-between-mountains-3779637/,B062_PEXELS_3779637.mp4,reused,
B063,1,library,pexels:6965891,pexels,6965891,foothill morning aerial,0.15347985331714153,0.18347985331714153,1920,1080,21.0,Pavel Danilyuk,https://www.pexels.com/video/drone-footage-of-a-country-road-6965891/,B063_PEXELS_6965891.mp4,reused,
B063,2,library,pexels:12454274,pexels,12454274,valley sunrise drone,0.13447988644242287,0.16447988644242287,3840,2160,25.0,Edward Ng,https://www.pexels.com/video/forest-on-hills-near-town-12454274/,B063_PEXELS_12454274.mp4,reused,
B065,1,library,pixabay:240320,pixabay,240320,forest stream morning,0.13323980566114188,0.16323980566114188,3840,2160,30.0,McPix22,https://pixabay.com/videos/id-240320/,B065_PIXABAY_240320.mp4,reused,
B065,2,library,pexels:35214756,pexels,35214756,water over rocks sunrise,0.12947197161614896,0.15947197161614896,3840,2160,21.0,Acres of Film,https://www.pexels.com/video/tranquil-autumn-stream-with-fallen-leaves-35214756/,B065_PEXELS_35214756.mp4,reused,
B066,1,library,pexels:31576088,pexels,31576088,sunlight ocean detail,0.15211752891540528,0.18211752891540528,3840,2160,17.0,Sergey Guk,https://www.pexels.com/video/stunning-aerial-view-of-coastal-estuary-31576088/,B066_PEXELS_31576088.mp4,reused,
B066,2,library,pixabay:5013,pixabay,5013,golden waves morning,0.11564435136877,0.14564435136877,1920,1080,15.0,LisaRedfern,https://pixabay.com/videos/id-5013/,B066_PIXABAY_5013.mp4,reused,
B067,1,library,pixabay:1917,pixabay,1917,coastal clouds aerial,0.11963250339527924,0.14963250339527925,2560,1440,22.0,bellergy,https://pixabay.com/videos/id-1917/,B067_PIXABAY_1917.mp4,reused,
B067,2,library,pexels:13958379,pexels,13958379,coastal clouds aerial,0.1155390889942646,0.1455390889942646,3840,2160,19.0,Serg Alesenko,https://www.pexels.com/video/fields-and-mountains-drone-footage-13958379/,B067_PEXELS_13958379.mp4,reused,
B068,1,library,pexels:35782325,pexels,35782325,calm flock valley sunrise,0.12175091350078585,0.15175091350078584,3840,2160,15.0,Yetkin Ağaç,https://www.pexels.com/video/migrating-flock-of-birds-silhouetted-against-sky-35782325/,B068_PEXELS_35782325.mp4,reused,
B068,2,library,pexels:4729553,pexels,4729553,wildlife river dawn,0.12095075216889381,0.1509507521688938,1920,1080,18.0,Elena Stepanova,https://www.pexels.com/video/a-reflection-on-the-flowing-water-4729553/,B068_PEXELS_4729553.mp4,reused,
B069,1,library,pexels:6093382,pexels,6093382,gentle coast golden light,0.1269033319875598,0.08690333198755978,3840,2160,23.0,K,https://www.pexels.com/video/a-video-footage-of-forest-trees-6093382/,B069_PEXELS_6093382.mp4,reused,
B069,2,library,pexels:29170629,pexels,29170629,warm shoreline morning,0.11812401093542577,0.008124010935425752,3840,2160,43.0,Tom Fisk,https://www.pexels.com/video/serene-aerial-panorama-of-lush-forest-at-sunrise-29170629/,B069_PEXELS_29170629.mp4,reused,
B070,1,library,pexels:33627855,pexels,33627855,family walking meadow dawn,0.1164815997183323,0.1432815997183323,3840,2160,11.0,Alex Moliski,https://www.pexels.com/video/woman-hiking-through-lush-green-forest-33627855/,B070_PEXELS_33627855.mp4,reused,
B070,2,library,pexels:20583507,pexels,20583507,family silhouette nature,0.1470689745247364,0.1070689745247364,3840,2160,23.0,Matthias Groeneveld,https://www.pexels.com/video/a-person-walking-down-a-dirt-road-at-sunset-20583507/,B070_PEXELS_20583507.mp4,reused,
B071,1,library,pexels:4095050,pexels,4095050,trail landscape dawn,0.1352337232679129,0.16443372326791286,3840,2160,14.0,WeStarMoney  Rec,https://www.pexels.com/video/running-through-the-woods-on-a-dirt-path-4095050/,B071_PEXELS_4095050.mp4,reused,
B071,2,library,pexels:6937039,pexels,6937039,trail landscape dawn,0.12688453340530395,0.15688453340530395,3840,2160,15.0,James Cover,https://www.pexels.com/video/forest-tree-trunk-6937039/,B071_PEXELS_6937039.mp4,reused,
B072,1,library,pexels:35544622,pexels,35544622,winding river drone,0.13232695996761323,0.16232695996761323,3840,2160,26.0,Adem Albayrak,https://www.pexels.com/video/misty-forest-road-with-atmospheric-fog-35544622/,B072_PEXELS_35544622.mp4,reused,
B072,2,library,pexels:35695269,pexels,35695269,winding river drone,0.12993034027516842,0.15993034027516842,4096,2160,16.0,Anil  Sharma,https://www.pexels.com/video/aerial-view-of-scenic-mountain-roadway-35695269/,B072_PEXELS_35695269.mp4,reused,
B075,1,library,pexels:35782323,pexels,35782323,walker shoreline wide,0.11647594761103391,0.1448759476110339,3840,2160,13.0,Yetkin Ağaç,https://www.pexels.com/video/flock-of-birds-migrating-over-bare-trees-35782323/,B075_PEXELS_35782323.mp4,reused,
B075,2,library,pexels:27141740,pexels,27141740,distant silhouette coast dawn,0.11170344442129135,0.03670344442129134,3840,2160,49.0,Matthias Groeneveld,https://www.pexels.com/video/a-person-walking-down-a-path-in-the-woods-27141740/,B075_PEXELS_27141740.mp4,reused,
B076,1,library,pexels:19971387,pexels,19971387,hand touching grass morning,0.11550287283957006,0.14550287283957006,3840,2160,25.0,Sarowar Hussain,https://www.pexels.com/video/beautiful-trees-19971387/,B076_PEXELS_19971387.mp4,reused,
B077,1,library,pexels:37474094,pexels,37474094,trail morning rays,0.1217802174948156,0.1517802174948156,3840,2160,33.0,潇阳 刘,https://www.pexels.com/video/aerial-drone-view-of-rocky-terrain-37474094/,B077_PEXELS_37474094.mp4,reused,
B077,2,library,pexels:31984979,pexels,31984979,quiet path sunrise,0.12313569536805152,0.1499356953680515,3840,2160,11.0,Israyosoy S.,https://www.pexels.com/video/serene-sunlight-in-forest-canopy-31984979/,B077_PEXELS_31984979.mp4,reused,
B079,1,library,pexels:19551069,pexels,19551069,surrender nature sunrise,0.13245524135231973,0.15765524135231973,3840,2160,9.0,Kmeel.com Videos,https://www.pexels.com/video/a-river-in-the-woods-with-trees-and-sun-19551069/,B079_PEXELS_19551069.mp4,reused,
B079,2,library,pexels:11617529,pexels,11617529,surrender nature sunrise,0.11486686855554581,0.1448668685555458,3840,2160,51.0,Dmitry Marchenkov,https://www.pexels.com/video/river-in-winter-11617529/,B079_PEXELS_11617529.mp4,reused,
B080,1,library,pexels:37762801,pexels,37762801,forest path first light,0.11945891276001931,0.1470589127600193,1920,1080,12.0,Kurtis Dunn-monk,https://www.pexels.com/video/morning-forest-walk-during-sunrise-37762801/,B080_PEXELS_37762801.mp4,reused,
B080,2,library,pexels:29513151,pexels,29513151,trail morning rays,0.11202988117933274,0.14202988117933274,3840,2160,62.0,Roman S,https://www.pexels.com/video/serene-snowy-forest-trail-in-winter-29513151/,B080_PEXELS_29513151.mp4,reused,
B085,1,library,pexels:18425293,pexels,18425293,shoreline reflected light,0.11560410592705012,-0.029395894072949902,3840,2160,51.0,Tom Fisk,https://www.pexels.com/video/a-river-with-mountains-in-the-background-and-a-sun-setting-18425293/,B085_PEXELS_18425293.mp4,reused,
B087,1,library,pexels:5860510,pexels,5860510,walking beach back view,0.13178552024563153,0.1601855202456315,2560,1440,13.0,Martina Tomšič,https://www.pexels.com/video/people-walking-at-the-forest-5860510/,B087_PEXELS_5860510.mp4,reused,
B087,2,library,pexels:4508013,pexels,4508013,walking beach back view,0.12091120868921282,0.15091120868921282,3840,2160,17.0,Ton Souza,https://www.pexels.com/video/man-walking-going-to-the-lake-4508013/,B087_PEXELS_4508013.mp4,reused,
B088,1,library,pexels:18209571,pexels,18209571,warm shoreline horizon,0.11484302446246147,0.004843024462461459,4096,2160,28.0,Matthias Groeneveld,https://www.pexels.com/video/the-sun-shines-through-the-trees-in-a-forest-18209571/,B088_PEXELS_18209571.mp4,reused,
B090,1,library,pixabay:357054,pixabay,357054,calm flock dawn,0.12455237111076713,0.15295237111076712,3840,2160,13.0,BlenderTimer,https://pixabay.com/videos/id-357054/,B090_PIXABAY_357054.mp4,reused,
B092,1,library,pexels:27298103,pexels,27298103,soft clouds sunrise,0.1274575627297163,0.1566575627297163,3840,2160,14.0,Agung Pandit Wiguna,https://www.pexels.com/video/a-foggy-landscape-with-rocks-and-trees-27298103/,B092_PEXELS_27298103.mp4,reused,
B026,2,library,pexels:34527573,pexels,34527573,sunlight through curtains morning,0.12371495790779591,0.1537149579077959,3840,2160,26.0,Agnieszka Taggart,https://www.pexels.com/video/serene-pathway-through-jacaranda-trees-at-sunset-34527573/,B026_PEXELS_34527573.mp4,reused,
B032,1,online,pexels:4065499,pexels,4065499,hands releasing stone outdoors,0.1185532657802105,0.14695326578021048,3840,2160,13.0,Pavel Danilyuk,https://www.pexels.com/video/a-person-massaging-his-hands-4065499/,B032_PEXELS_4065499.mp4,downloaded,
B032,2,online,pexels:5973747,pexels,5973747,hands releasing stone outdoors,0.11615096382796766,0.14615096382796766,3840,2160,19.0,Tima Miroshnichenko,https://www.pexels.com/video/a-person-releasing-the-tiny-rocks-she-is-holding-5973747/,B032_PEXELS_5973747.mp4,downloaded,
B037,2,library,pexels:2692693,pexels,2692693,grateful hands dawn,0.12288772729039192,0.15288772729039193,1920,1080,56.0,Akash Pawar,https://www.pexels.com/video/droplets-of-water-on-the-tree-leaves-cause-by-the-rain-2692693/,B037_PEXELS_2692693.mp4,reused,
B039,1,online,pixabay:40797,pixabay,40797,person stretching by window,0.1270210725814104,0.1670210725814104,3840,2160,16.0,yogobunny,https://pixabay.com/videos/id-40797/,B039_PIXABAY_40797.mp4,downloaded,
B039,2,online,pexels:7117861,pexels,7117861,person stretching by window,0.12667139783501624,0.15667139783501624,4096,2160,30.0,KATRIN  BOLOVTSOVA,https://www.pexels.com/video/woman-stretching-7117861/,B039_PEXELS_7117861.mp4,downloaded,
B041,2,online,pexels:4781506,pexels,4781506,friends talking kitchen morning,0.14597327873110771,0.1759732787311077,4096,2160,46.0,cottonbro studio,https://www.pexels.com/video/people-talking-in-kitchen-4781506/,B041_PEXELS_4781506.mp4,downloaded,
B042,1,online,pexels:4290129,pexels,4290129,morning coffee steam home,0.1692982925325632,0.1992982925325632,1920,1080,15.0,Edward Eyer,https://www.pexels.com/video/close-up-shot-of-a-smoking-cup-4290129/,B042_PEXELS_4290129.mp4,downloaded,
B042,2,online,pexels:852222,pexels,852222,morning coffee steam home,0.16891892445087434,0.19891892445087433,1920,1080,44.0,Life Of Pix,https://www.pexels.com/video/morning-coffee-852222/,B042_PEXELS_852222.mp4,downloaded,
B046,2,online,pexels:35395675,pexels,35395675,sunlit fruit table morning,0.19396761059761047,0.21836761059761045,3840,2160,8.0,Cis14_04 09,https://www.pexels.com/video/morning-breakfast-setup-with-sliced-bread-35395675/,B046_PEXELS_35395675.mp4,downloaded,
B053,1,library,pexels:3626773,pexels,3626773,traffic jam morning windshield,0.11412198939174413,0.14412198939174414,1920,1080,21.0,The Marc Knight,https://www.pexels.com/video/dormant-moss-on-plant-stem-due-to-lack-of-water-3626773/,B053_PEXELS_3626773.mp4,reused,
B053,2,library,pexels:27065373,pexels,27065373,traffic jam morning windshield,0.11917228098958732,-0.025827719010412697,3840,2160,30.0,Matthias Groeneveld,https://www.pexels.com/video/a-forest-with-trees-and-sun-shining-through-27065373/,B053_PEXELS_27065373.mp4,reused,
B059,2,online,pixabay:31654,pixabay,31654,hands folded quiet waiting,0.15527134430408476,0.19527134430408477,1920,1080,30.0,loilamtan,https://pixabay.com/videos/id-31654/,B059_PIXABAY_31654.mp4,downloaded,
B064,1,library,pexels:4342611,pexels,4342611,closed gate open path,0.12509272702783347,0.15429272702783345,3840,2160,14.0,Street Donkey,https://www.pexels.com/video/forest-path-in-the-middle-of-the-woodland-4342611/,B064_PEXELS_4342611.mp4,reused,
B064,2,library,pexels:7154938,pexels,7154938,forest path fork morning,0.11920411736269793,0.14920411736269792,2560,1440,20.0,Yan Krukau,https://www.pexels.com/video/paved-pathway-beside-the-forest-lake-7154938/,B064_PEXELS_7154938.mp4,reused,
B073,1,library,pexels:9573577,pexels,9573577,person returning home doorway,0.118653334826231,0.148653334826231,4096,2160,27.0,Tima Miroshnichenko,https://www.pexels.com/video/scientists-talking-in-a-hallway-9573577/,B073_PEXELS_9573577.mp4,reused,
B073,2,online,pexels:6565094,pexels,6565094,person returning home doorway,0.1444211033731699,0.1744211033731699,4096,2160,30.0,cottonbro studio,https://www.pexels.com/video/father-and-son-returning-home-6565094/,B073_PEXELS_6565094.mp4,downloaded,
B074,1,library,pexels:7157038,pexels,7157038,kindness between strangers,0.12640282265841962,0.12140282265841962,3840,2160,60.0,I Am Sorin,https://www.pexels.com/video/forest-in-autumn-7157038/,B074_PEXELS_7157038.mp4,reused,
B076,2,online,pexels:6893983,pexels,6893983,volunteer packing food close up,0.15199889853596688,0.18199889853596687,3840,2160,18.0,Julia M Cameron,https://www.pexels.com/video/volunteers-packing-foods-to-donate-6893983/,B076_PEXELS_6893983.mp4,downloaded,
B078,1,online,pexels:9305777,pexels,9305777,notebook by window sunrise,0.14494628734886647,0.17494628734886647,4096,2160,28.0,Monstera Production,https://www.pexels.com/video/woman-reading-her-notes-on-her-notebook-9305777/,B078_PEXELS_9305777.mp4,downloaded,
B078,2,online,pexels:7585119,pexels,7585119,notebook by window sunrise,0.12974547152221202,0.15974547152221202,1920,1080,29.0,Mikhail Nilov,https://www.pexels.com/video/man-taking-notes-during-an-online-class-7585119/,B078_PEXELS_7585119.mp4,downloaded,
B081,1,online,pexels:9902439,pexels,9902439,hands texting by window,0.13163452573120596,0.16163452573120596,4096,2160,25.0,Ron Lach,https://www.pexels.com/video/close-up-shot-of-a-person-texting-9902439/,B081_PEXELS_9902439.mp4,downloaded,
B081,2,online,pixabay:183448,pixabay,183448,hands texting by window,0.12118239715695381,0.16118239715695382,3840,2160,26.0,Amorn_mimi,https://pixabay.com/videos/id-183448/,B081_PIXABAY_183448.mp4,downloaded,
B082,1,online,pexels:8101852,pexels,8101852,quiet person in parked car,0.16948152124881746,0.19948152124881746,3840,2160,45.0,KoolShooters,https://www.pexels.com/video/man-and-woman-running-at-night-8101852/,B082_PEXELS_8101852.mp4,downloaded,
B082,2,online,pexels:8606050,pexels,8606050,calm pause stairwell,0.15274920058250427,0.18274920058250427,1920,1080,31.0,Alan W,https://www.pexels.com/video/police-officers-going-up-the-stairs-8606050/,B082_PEXELS_8606050.mp4,downloaded,
B083,1,library,pexels:31727169,pexels,31727169,person standing mountain sunrise,0.11012611687680085,0.14012611687680085,2560,1440,16.0,Bastian Riccardi,https://www.pexels.com/video/aerial-view-of-lake-at-sunrise-with-wooden-pier-31727169/,B083_PEXELS_31727169.mp4,reused,
B083,2,online,pixabay:205422,pixabay,205422,person standing mountain sunrise,0.13424965474754572,0.17424965474754572,3840,2160,21.0,adege,https://pixabay.com/videos/id-205422/,B083_PIXABAY_205422.mp4,downloaded,
B084,1,library,pexels:30853174,pexels,30853174,person walking forest path sunrise,0.11421025708317759,0.14421025708317758,3840,2160,47.0,Piotrek Wilk,https://www.pexels.com/video/aerial-view-of-forest-at-sunrise-30853174/,B084_PEXELS_30853174.mp4,reused,
B084,2,library,pexels:29041759,pexels,29041759,back view walking country road,0.11878446117043495,0.14318446117043493,3840,2160,8.0,Bofforss,https://www.pexels.com/video/woman-walking-in-autumnal-forest-park-29041759/,B084_PEXELS_29041759.mp4,reused,
B085,2,online,pexels:8091708,pexels,8091708,tired person opening curtains morning,0.16771828137338163,0.19771828137338163,4096,2160,17.0,Yaroslav Shuraev,https://www.pexels.com/video/woman-looking-at-the-window-8091708/,B085_PEXELS_8091708.mp4,downloaded,
B086,1,library,pexels:6851362,pexels,6851362,person opening front door morning,0.11433797749256094,0.14433797749256094,2560,1440,20.0,Martina Tomšič,https://www.pexels.com/video/a-man-meditating-in-a-forest-6851362/,B086_PEXELS_6851362.mp4,reused,
B088,2,online,pixabay:57647,pixabay,57647,peaceful family home morning,0.13981944300234317,0.17981944300234318,3840,2160,20.0,Matthias_Groeneveld,https://pixabay.com/videos/id-57647/,B088_PIXABAY_57647.mp4,downloaded,
B089,1,online,pixabay:169446,pixabay,169446,hands typing phone message,0.1437002593278885,0.1837002593278885,4096,2160,16.0,magicmore,https://pixabay.com/videos/id-169446/,B089_PIXABAY_169446.mp4,downloaded,
B089,2,online,pixabay:348444,pixabay,348444,hands typing phone message,0.14572291761636735,0.1826543894219668,3840,2160,25.0,JonathanSlatterMusic,https://pixabay.com/videos/id-348444/,B089_PIXABAY_348444.mp4,downloaded,
B090,2,library,pexels:38773227,pexels,38773227,friends watching phone together,0.11893768365681172,0.14653768365681172,3840,2160,12.0,Zulfugar Karimov,https://www.pexels.com/video/quiet-forest-river-at-sunrise-38773227/,B090_PEXELS_38773227.mp4,reused,
B091,1,online,pexels:6979843,pexels,6979843,church cross morning light,0.16538135394454004,0.19378135394454002,4096,2160,13.0,Stephen Pierce,https://www.pexels.com/video/drone-footage-of-a-cross-6979843/,B091_PEXELS_6979843.mp4,downloaded,
B091,2,online,pexels:35832362,pexels,35832362,sunrise cross landscape,0.15585137577354907,0.18185137577354907,3840,2160,10.0,Eduardo  Vite,https://www.pexels.com/video/majestic-aerial-view-of-mountain-cross-at-sunrise-35832362/,B091_PEXELS_35832362.mp4,downloaded,
B092,2,library,pexels:28638604,pexels,28638604,trail horizon morning,0.11156088501214981,0.036560885012149796,3840,2160,29.0,K,https://www.pexels.com/video/hiker-walking-through-peaceful-forest-trail-28638604/,B092_PEXELS_28638604.mp4,reused,
