ma_beat,y_chinh,tu_khoa,hinh_can_tim,tranh,kich_ban
B001,The morning opens with a losing inner argument,"forest blue hour,misty lake dawn,clouds before sunrise","Cool blue forest and misty water sit still before sunrise, with slow cloud movement and no people.","storm, night, sunset, faces, dramatic timelapse","You did not wake up into silence. You woke up in the middle of a conversation that had already started without you, and you were already losing it."
B002,"Accusations name yesterday, delay, and being behind","dew grass blue hour,wind grass dawn,misty forest detail","Dew-covered grass and leaves move lightly in blue hour, carrying quiet tension before the day begins.","faces, acting, office, harsh light, sunset",It says you should have handled yesterday better. It says you are behind before you have even begun. It says the thing you have been asking God for is still not here.
B003,The real conflict is which voice speaks first,"misty forest path,blue hour trail,still lake dawn","A dim forest path is barely visible through mist, with quiet water nearby and very gentle movement.","night, horror mood, faces, fast camera, sunset",The trouble this morning is not that your mind is loud. The trouble is which voice gets to speak first. And one voice has been speaking since long before you opened your eyes.
B004,The listener is invited to pause and invite God in,"close up dew leaves,calm stream dawn,open hands forest","Natural detail beside a quiet stream, with optional open hands low in frame and no face shown.","face, eye contact, acting, indoor, branded clothing","So wherever you are right now, close your eyes if you can. <#1#> Take one slow breath, and let your shoulders come down. <#1#> Do not try to quiet everything. Just invite God into this moment."
B005,David's morning prayer anchors love and direction,"open Bible forest morning,Bible beside stream dawn,hands turning Bible","An open Bible rests near forest water in soft dawn light, hands turning one page without showing a face.","wrong readable text, face, church stage, glowing effects","Listen to how David prayed on a morning like this. In Psalm one hundred forty-three, verse eight, he said, ""Let the morning bring me word of your unfailing love, for I have put my trust in you. Show me the way I should go, for to you I entrust my life."" He wrote that while he was being hunted, with no idea which way to go."
B006,The video is framed as a morning to keep,"forest trail first light,birds forest dawn,stream morning",First light begins touching a forest trail while small birds stir quietly near the stream.,"advertising gesture, faces, subscribe graphics, sunset","This is not a video you watch. It is a morning you keep. If you want to begin every morning this way, with his voice first, subscribe and pray with us tomorrow."
B007,The loudest voice is set down before prayer,"forest stream first light,leaves drifting stream,path through trees",A quiet stream flows beside a path as leaves drift gently in early morning light.,"storm, flood, faces, dramatic acting, sunset","So before we ask God for anything, let us set down the loudest voice, let his love speak first, and ask him to show us the way through today. <#1#>"
B008,The unlived day feels heavy before it begins,"forest stream sunrise,soft river stones,birds near stream","A forest stream moves steadily over stones as morning brightens, peaceful but not static.","violent rapids, flood, people, sunset, tourism","I have not stepped into this day yet, and I am already tired of it. Somewhere between opening my eyes and sitting up, I ran the whole day in my head, every task, every conversation, every hour I do not think I have enough strength for. I carried a day I have not lived yet. Take it off my shoulders. Your word tells me something different about this morning."
B009,New mercy answers the weight of the morning,"open Bible forest morning,Bible beside stream dawn,hands turning Bible","An open Bible rests near forest water in soft dawn light, hands turning one page without showing a face.","wrong readable text, face, church stage, glowing effects","In Lamentations chapter three, verses twenty-two and twenty-three, it says, ""Because of the Lord's great love we are not consumed, for his compassions never fail. They are new every morning; great is your faithfulness."" <#1#> New every morning. Not renewed for the strong. Not reserved for the ones who prayed better yesterday. This mercy has never been used before. No one has spent it. It has been waiting here since before I woke."
B010,Today is reframed as a place God already stands,"wooden bridge stream,path through forest,back view walker","A simple bridge crosses a quiet stream, optionally with a tiny back-view figure moving slowly.","face, eye contact, acting, broken bridge, danger","So I want to stop treating today as a weight I have to survive, and start seeing it as a place you are already standing in. You are not waiting at the end of this day to see how I did. You are here at the beginning. And if your mercy is new this morning, then there is something new to hear this morning."
B011,Mercy must speak before it can be heard,"open Bible stream morning,hands Bible sunrise,forest devotional","Hands rest near an open Bible beside water in natural morning light, calm and unperformed.","wrong text, face, pulpit, stage lights, candles",Mercy that new has to be spoken before I can hear it. <#1#>
B012,David asks for love before rescue,"forest path soft sunrise,stream beside trail,misty trees sunrise","Soft sunrise widens across a forest path and stream, making the route ahead clearer.","midday, sunset, harsh flare, faces, fantasy effects","Let the morning bring me word of your unfailing love. Teach me why David asked for that first. He was hiding when he prayed it. He needed rescue, food, a way out, and he asked for love before any of it. Why love first? Because rescue tells him what you will do, and love tells him who he belongs to. Someone can be rescued and still not know they are wanted."
B013,Belonging changes how the day is heard,"sun rays forest mist,dew leaves sunrise,quiet stream light","A first warm ray touches mist, dew, and water detail, small and reverent.","red sky, lens flare heavy, faces, fast timelapse","So he asked for the harder thing, the thing that changes how he hears everything else that day. Then he said, show me the way I should go. Not the way I want to go. Not the way that will hurt the least. There is a difference, and I usually pretend there is not. The way I want is the one I have already chosen before I prayed."
B014,The right way must be shown rather than chosen alone,"forest stream sunrise,soft river stones,birds near stream","A forest stream moves steadily over stones as morning brightens, peaceful but not static.","violent rapids, flood, people, sunset, tourism","The way I should go is the one I have to be shown, which means I have to be willing to be told something I did not plan for. And then the last line, for to you I entrust my life. What does it mean to hand you my life when I still cannot see how any of it turns out?"
B015,Requests are laid down into trustworthy hands,"open Bible forest morning,Bible beside stream dawn,hands turning Bible","An open Bible rests near forest water in soft dawn light, hands turning one page without showing a face.","wrong readable text, face, church stage, glowing effects","David wrote in Psalm chapter five, verse three, ""In the morning, Lord, you hear my voice; in the morning I lay my requests before you and wait expectantly."" <#1#> He lays it down, and then he waits. The trust is not in the answer arriving. The trust is in who is holding it. But you were speaking before I asked. You spoke all night while I slept. <#1#>"
B016,Gratitude begins with protected sleep,"misty window dawn,forest dawn exterior,quiet house morning",A quiet home edge or forest outside at dawn suggests unseen protection through sleeping hours.,"bedroom acting, sleeping face, fear mood, dark night","Thank you for the hours I have no memory of. Last night I let go of everything. I stopped deciding. I stopped watching the door. For six or seven hours I was as helpless as I have ever been, and I was not afraid, because I was not awake to be afraid. You kept my breathing going in a room where nobody was in charge. You counted the beats I never counted."
B017,Unseen preservation is recognized without drama,"stream ripples dawn,water stones morning,dew leaf close up","Close water ripples and dew details move gently, suggesting life continued while unseen.","storm, flood, medical emergency, faces, horror","There were hours last night when I was completely unable to protect myself, and nothing came for me. I do not know what did not happen. I only know I woke up. That was not luck. That was you, working in a room I was not conscious in. And you did not do it because I asked. I did not pray my way through the night."
B018,Faithfulness did not depend on the listener's attention,"forest blue to sunrise,stream reflected light,mist lifting trees",Mist lifts slowly from trees and water as the morning becomes clearer and steadier.,"night, sunset, dramatic timelapse, people, harsh orange","I was not thanking you at two in the morning. I was not aware of you at all, and you did not step back when my attention went out. This is what I keep learning about you. Your faithfulness is not a response to my attention. It does not rise when I notice it and fall when I forget."
B019,God was good with no audience watching,"forest stream sunrise,soft river stones,birds near stream","A forest stream moves steadily over stones as morning brightens, peaceful but not static.","violent rapids, flood, people, sunset, tourism","Your compassions never fail, and they never failed last night, in the dark, with no one thanking you and no one watching. You were good in a room with no audience. So you were already speaking before I said a word this morning. That is what I am starting to understand. You did not wait for me to become the kind of person who deserved to be kept, and then keep me."
B020,Kindness went first before any clear thought,"forest path soft sunrise,stream beside trail,misty trees sunrise","Soft sunrise widens across a forest path and stream, making the route ahead clearer.","midday, sunset, harsh flare, faces, fantasy effects","You did not wait until I had prayed enough, or fixed the thing I keep not fixing, or become gentler with the people I live with. You went first. You always go first. Before I had one clear thought this morning, your kindness had already been at work for hours. I did not earn a single one of those hours, and you gave me all of them."
B021,Worship rises before asking for anything,"sun rays forest mist,dew leaves sunrise,quiet stream light","A first warm ray touches mist, dew, and water detail, small and reverent.","red sky, lens flare heavy, faces, fast timelapse","And now, before I ask you for anything, I want to say something that has nothing to do with what I need. You are good, Father. Not useful to me. Good. You are steady in a way that nothing in my life is steady. You do not have moods I have to manage."
B022,God remains steady beyond changing feelings,"steady tree forest,tree roots morning,forest sunrise still","A mature tree stands beside the path, roots visible, branches moving slightly in morning air.","broken tree, storm damage, faces, fantasy shield","You are the same this morning as you were the morning I was full of faith, and the same as the morning I could not feel anything at all. I would rather have you than the things I want from you. If everything I am about to pray for was answered and you were not here, it would not be enough."
B023,Quiet listening replaces the need to speak louder,"stream ripples dawn,water stones morning,dew leaf close up","Close water ripples and dew details move gently, suggesting life continued while unseen.","storm, flood, medical emergency, faces, horror","And if you have been speaking all along, then I do not need to speak louder. I need to put down what is already talking. <#1#>"
B024,Yesterday's hurt is brought into confession,"gentle rain leaves,wet forest path,morning rain stream","Light rain touches leaves and a forest path, honest and subdued without becoming dark.","storm, crying face, indoor argument, violence, night","There are things from yesterday I do not want to carry into today. I said something to someone who did not deserve it. I heard it come out of my mouth and I watched them get smaller, and I did not stop. I was short with the person who is easiest to be short with, the one who is always there, the one who will not leave over it."
B025,Wrong choices are named without softening,"gentle rain leaves,wet forest path,morning rain stream","Light rain touches leaves and a forest path, honest and subdued without becoming dark.","storm, crying face, indoor argument, violence, night","I knew what I should have done and I did not do it. Not because I forgot. I decided not to, and then I told myself I was tired. I am not going to soften that. I am not going to explain it into something smaller. It was wrong, and I am the one who did it, and I am asking you to forgive me. Not to overlook it. To forgive it."
B026,Forgiveness is received by staying still,"open hands stream,back view forest prayer,quiet trail morning","Open hands rest low near a stream, body only from behind or cropped, in soft morning light.","face, clasped hands close-up, acting, indoor, stage","And now I have to do the part I always skip. I usually confess and keep walking, because staying still long enough to be forgiven feels like too much to accept. So I am staying here for a moment. You forgive me. Not because today will be better. Not because I promised anything. Because of who you are. You are not a God who forgives me and then reminds me of it later."
B027,Yesterday loses authority over the morning,"forest path soft sunrise,stream beside trail,misty trees sunrise","Soft sunrise widens across a forest path and stream, making the route ahead clearer.","midday, sunset, harsh flare, faces, fantasy effects","I receive it. I am not going to argue with you about whether I am allowed to have it. You have already answered that, and yesterday is not the judge of this morning. So I am putting yesterday down, right here, before anything else gets said. The shame that woke up with me, I am handing to you. The sentence I keep reading over myself, I am handing to you."
B028,Shame and the unwanted self are surrendered,"forest stream first light,leaves drifting stream,path through trees",A quiet stream flows beside a path as leaves drift gently in early morning light.,"storm, flood, faces, dramatic acting, sunset","The version of me that showed up yesterday, the one I do not like, the one I would take back if I could, I am giving all of that to you instead of hiding it. That message from last night is still sitting there unanswered, and it is unanswered because I do not know what kind of person I am when I answer it. I am not going to spend today defending yesterday. It happened."
B029,Quiet opens where accusation had been,"forest blue to sunrise,stream reflected light,mist lifting trees",Mist lifts slowly from trees and water as the morning becomes clearer and steadier.,"night, sunset, dramatic timelapse, people, harsh orange","You have dealt with it. It does not get to speak first anymore. So the loudest voice is on the floor now, and where it was, there is quiet, and quiet needs something said into it. <#1#>"
B030,Unfailing love is asked to speak first,"sun rays forest mist,dew leaves sunrise,quiet stream light","A first warm ray touches mist, dew, and water detail, small and reverent.","red sky, lens flare heavy, faces, fast timelapse","So say it to me now, before this day says anything else. Your unfailing love, out loud, over me, this morning. Because it will not be the first thing I hear if you do not speak it. The first thing I heard today was a number. How much is left. How far behind I am. How much of yesterday's list moved into today's list. That is how I measure myself. Finished, or not finished."
B031,Productivity is exposed as a false measure,"dew grass blue hour,wind grass dawn,misty forest detail","Dew-covered grass and leaves move lightly in blue hour, carrying quiet tension before the day begins.","faces, acting, office, harsh light, sunset","And this morning the list is longer than it was yesterday, so the voice has already decided what I am worth. It has already told me I am falling behind, and it said it before my feet were on the floor. But your love is unfailing. I want to sit inside that word for a second. Unfailing does not mean strong. It means it does not react."
B032,Unfailing love does not react to performance,"steady tree forest,tree roots morning,forest sunrise still","A mature tree stands beside the path, roots visible, branches moving slightly in morning air.","broken tree, storm damage, faces, fantasy shield",It does not go up when I have a productive day and down when I waste one. It did not change last night while I was doing nothing at all. You are not comparing me to who I was yesterday. You are not adding up the week. So speak to me before anyone else does.
B033,Belonging is spoken before the first demand,"forest trail first light,birds forest dawn,stream morning",First light begins touching a forest trail while small birds stir quietly near the stream.,"advertising gesture, faces, subscribe graphics, sunset","Before the first message, before the first request, before I have accomplished one thing that would make me feel like I am allowed to be here, tell me I am yours. Say it in the car on the way in, when the day has not started well and there is still an hour of driving left."
B034,Ordinary anxious moments need the same word,"forest stream first light,leaves drifting stream,path through trees",A quiet stream flows beside a path as leaves drift gently in early morning light.,"storm, flood, faces, dramatic acting, sunset","Say it when I open the laptop and the first thing on the screen is something I am behind on. Say it when I see that message I still have not answered and my stomach drops. And when I look in the mirror and the first sentence in my head is not a kind one, say it again then. I am not asking you to make me feel good about myself."
B035,Love changes the measure of the whole day,"forest clearing sunrise,open path morning,soft birds sky","The forest opens into a brighter clearing, with a calmer wider frame and gentle bird movement.","celebration, crowds, face close-up, harsh midday","I am asking you to change what I am measuring. Because if I walk out of this room measuring what I got done, this day already has a verdict on it and I have not lived it yet. But if I walk out measuring how loved I am, then nothing I get done today can raise it and nothing I fail at today can lower it. That is a different kind of morning."
B036,Loved identity makes guidance possible,"wooden bridge stream,path through forest,back view walker","A simple bridge crosses a quiet stream, optionally with a tiny back-view figure moving slowly.","face, eye contact, acting, broken bridge, danger","That is a different kind of person walking into it. And someone who knows they are loved can finally ask a question they have been avoiding. Because now, if you answer, I know it will not come back as a scolding. So I can ask you which way to go. <#1#>"
B037,A real decision waits today,"forest trail fork,woodland path sunrise,light through trees","A natural forked forest path appears under soft first light, with no signs or actors.","faces, road signs, office, harsh sun, sunset","I do not know what I am doing today. Not in the dramatic way. In the ordinary way, where I have to pick, and both options look reasonable, and I have been going back and forth for three days. There is a decision I have to answer today. Not tomorrow. Today. And I cannot tell which one is wisdom and which one is just the one I am more afraid of."
B038,Proverbs anchors the prayer for a straight path,"open Bible stream morning,hands Bible sunrise,forest devotional","Hands rest near an open Bible beside water in natural morning light, calm and unperformed.","wrong text, face, pulpit, stage lights, candles","Your word says, in Proverbs chapter three, verses five and six, ""Trust in the Lord with all your heart and lean not on your own understanding; in all your ways submit to him, and he will make your paths straight."" <#1#> I notice what that verse does not say. It does not say the road gets easy. It does not say the hard thing is removed from the road. It says straight. Clear."
B039,Leaning on understanding has kept the listener stuck,"forest path soft sunrise,stream beside trail,misty trees sunrise","Soft sunrise widens across a forest path and stream, making the route ahead clearer.","midday, sunset, harsh flare, faces, fantasy effects","A direction I can actually walk. And the part that is mine is the part I keep skipping. It is the not leaning on my own understanding. Because my understanding is what I have been leaning on all week, and it is why I am still standing here with nothing decided. So show me the way I should go, Lord. Not confirm the way I already picked."
B040,The prayer asks to be shown before deciding,"forest path soft sunrise,stream beside trail,misty trees sunrise","Soft sunrise widens across a forest path and stream, making the route ahead clearer.","midday, sunset, harsh flare, faces, fantasy effects","Show me before I decide, not after, when I am only asking you to sign something. There is a conversation I have been avoiding for days, and today it finds me. Tell me what to say in it. Tell me the first sentence. Tell me when to stop talking. Tell me whether the thing I want to say is honest or just something I want to win."
B041,Avoided conversations need wisdom and restraint,"open hands stream,back view forest prayer,quiet trail morning","Open hands rest low near a stream, body only from behind or cropped, in soft morning light.","face, clasped hands close-up, acting, indoor, stage","And there is a person I will be near today, and I get tense before I even see them. I do not need you to change them by lunchtime. Show me where to give way and where to stand still, because I get those two backwards. I am not asking for the whole road. I have asked for the whole road before, and I think I was really asking for a guarantee."
B042,Only the next step is requested,"wooden bridge stream,path through forest,back view walker","A simple bridge crosses a quiet stream, optionally with a tiny back-view figure moving slowly.","face, eye contact, acting, broken bridge, danger","I am asking for the next step. One step, at the hour I actually need it, is enough. And if I am wrong today, correct me early. I would rather be corrected at nine in the morning than defended all day. Because I would rather move slowly with you than quickly by myself. So let me be honest about the part of my life you have not answered."
B043,Unchanged rooms are named honestly,"misty forest path,blue hour trail,still lake dawn","A dim forest path is barely visible through mist, with quiet water nearby and very gentle movement.","night, horror mood, faces, fast camera, sunset","There are rooms in my life where nothing has changed in months, and I have to say that out loud too. <#1#>"
B044,Repeated prayer wears the heart down,"gentle rain leaves,wet forest path,morning rain stream","Light rain touches leaves and a forest path, honest and subdued without becoming dark.","storm, crying face, indoor argument, violence, night","This is the same prayer I prayed yesterday. And the morning before that. And a hundred mornings I cannot count, in the same words, about the same thing, and nothing has moved. I know what I am about to say before I say it, and so do you. That is the part nobody talks about. It is not the waiting that wears me down."
B045,Asking again becomes heavier than working,"forest stream sunrise,soft river stones,birds near stream","A forest stream moves steadily over stones as morning brightens, peaceful but not static.","violent rapids, flood, people, sunset, tourism","It is having to ask again, out loud, after asking so many times already. There is a kind of tiredness that comes from hope, and it is heavier than the tiredness that comes from work. David wrote that he lays his requests before you in the morning and waits expectantly. He said wait. He did not say receive today."
B046,Waiting expectantly is trust in God's goodness,"birds forest sunrise,stream morning birds,soft forest sky",Small birds rest and begin moving near the stream as sunrise grows warmer.,"frantic flock, hunting, animal conflict, cages, people","And he still called the waiting expectant, which means he was not waiting for you to become good. He already knew you were. So here it is again, Father. The thing I have carried into this room every morning for longer than I want to admit. I am not going to demand that today is the day."
B047,Strength is requested for one day only,"forest path soft sunrise,stream beside trail,misty trees sunrise","Soft sunrise widens across a forest path and stream, making the route ahead clearer.","midday, sunset, harsh flare, faces, fantasy effects","I have tried praying like that, and when the evening came and nothing had changed, it cost me something. So I am asking for something else. Give me the strength to trust you for one day. Today. Not for the whole stretch ahead, just the hours in front of me. Keep the waiting from hardening me. That is what I am most afraid of, more than the answer never coming."
B048,Waiting must not harden into self-protection,"steady tree forest,tree roots morning,forest sunrise still","A mature tree stands beside the path, roots visible, branches moving slightly in morning air.","broken tree, storm damage, faces, fantasy shield","I am afraid of becoming someone who still says the words and no longer believes them. Someone careful with you. Someone who stops asking, just to avoid being disappointed again. Do not let me protect myself from you like that. And when I cannot see anything happening, help me trust that you are not idle. I do not say that as a guarantee about my situation."
B049,The unanswered places are entrusted anyway,"forest valley aerial sunrise,river through trees,wide morning forest",Aerial view widens from stream and path to a larger forest valley in soft sunrise.,"fast drone, tourism spectacle, city, sunset, crowds","I say it because of who you have been in every dark room I have ever been in. For the one waiting on a result that has not come. For the one waiting for a family to speak again. For the one waiting on a change in someone they love, who has not changed. I am one of them, and I entrust my life to you anyway. Not because I understand it."
B050,The deepest need is not to wait alone,"open hands stream,back view forest prayer,quiet trail morning","Open hands rest low near a stream, body only from behind or cropped, in soft morning light.","face, clasped hands close-up, acting, indoor, stage","Because you are the one holding it. And if I am honest, what I want most this morning is not the answer. It is to stop waiting alone. You are already in the waiting with me. And I am not the only one who woke up inside that conversation this morning. <#1#>"
B051,Prayer expands beyond the speaker,"forest valley aerial sunrise,river through trees,wide morning forest",Aerial view widens from stream and path to a larger forest valley in soft sunrise.,"fast drone, tourism spectacle, city, sunset, crowds","Father, this next part is not about me. If you are still praying with me, stay for this one, because someone needs it more than I do. Somewhere right now, other people are lying in the dark with the same weight, and I am bringing them with me. Pray with me for the ones who woke up already spent."
B052,The exhausted are brought into the prayer,"birds forest sunrise,stream morning birds,soft forest sky",Small birds rest and begin moving near the stream as sunrise grows warmer.,"frantic flock, hunting, animal conflict, cages, people","The one who works two jobs and slept five hours and has to be pleasant to strangers in an hour. The mother who has not had a morning to herself in years, whose first thought was not about her own life but about who needs feeding. The one caring for a parent who is disappearing slowly, who cannot remember the last time anyone asked how they are doing."
B053,Demands are met by unfailing love first,"sun rays forest mist,dew leaves sunrise,quiet stream light","A first warm ray touches mist, dew, and water detail, small and reverent.","red sky, lens flare heavy, faces, fast timelapse",They do not need a longer list of things to do for you. Let the morning bring them word of your unfailing love before it brings them another demand. Let something in them soften before the day starts pulling. And pray with me for the ones whose first voice this morning was an accusation.
B054,"Shame needs the Father's voice, not accusation","gentle rain leaves,wet forest path,morning rain stream","Light rain touches leaves and a forest path, honest and subdued without becoming dark.","storm, crying face, indoor argument, violence, night","The one who has done something they have told nobody, who wakes up to it before they wake up to anything else. The one who thinks she used up her welcome with you a long time ago, and now prays like a stranger asking for directions. The one who cannot say the word forgiven about themselves, only about other people. Tell them what you told me before I earned anything."
B055,Long askers are held when hope thins,"forest stream sunrise,soft river stones,birds near stream","A forest stream moves steadily over stones as morning brightens, peaceful but not static.","violent rapids, flood, people, sunset, tourism","Say it slowly, because shame does not hear well. Let them find out this morning that you were never the voice accusing them. And pray with me for the ones who have been asking a long time. Years, some of them. The same words at the same table, and the situation has not moved an inch. The ones who are starting to wonder whether they were ever heard, and who feel guilty for wondering."
B056,The wordless listener is prayed for,"open hands stream,back view forest prayer,quiet trail morning","Open hands rest low near a stream, body only from behind or cropped, in soft morning light.","face, clasped hands close-up, acting, indoor, stage","Do not let their hope wear out. Hold the ones who are close to putting it down. Show them the way to go today, even if you are not showing them the ending yet. Give them one step and enough love to take it. And meet them in the waiting the way you have met me in mine. And there is someone listening right now who has not said a single word with us."
B057,Love speaks first when words are gone,"forest blue to sunrise,stream reflected light,mist lifting trees",Mist lifts slowly from trees and water as the morning becomes clearer and steadier.,"night, sunset, dramatic timelapse, people, harsh orange","Not out of stubbornness. There is nothing left to say. You opened this because you could not pray, and you needed a voice in the room that was not the one in your head. You have been sitting there while we prayed. So let me pray for you. Father, this one cannot speak this morning. Hear the silence as a prayer, because you know what is underneath it better than words would say it."
B058,Faith is chosen before anything is settled,"forest stream sunrise,soft river stones,birds near stream","A forest stream moves steadily over stones as morning brightens, peaceful but not static.","violent rapids, flood, people, sunset, tourism","Come and sit with the one who has run out of language. Speak first, since they cannot. Let your love be the first thing they hear today, before they can manage a single sentence back to you. You have never needed a well-said prayer to move toward someone. And what I am asking for them, I have to choose for myself. <#1#>"
B059,"Trust is spoken over love, guidance, and waiting","forest trail warm morning,back view walking,stream path light",A small back-view figure begins walking on the forest path in warmer morning light.,"face, victory pose, running, commercial acting, midday","I choose to believe you this morning. Not because anything has been settled. Nothing has been settled. The decision is still there, the message is still unanswered, and the thing I have waited years for is still not here. I choose you anyway, and here is what I am choosing. If you can, say these with me, out loud, even quietly."
B060,Unanswered silence is not neglect,"wooden bridge warm sunrise,forest path bridge,stream crossing light","Footsteps or an empty bridge lead over the stream toward warm light, calm and steady.","broken bridge, face, heroic pose, fast camera, sunset","I trust that I am loved before I accomplish anything today, and that nothing I do between now and tonight will move that. I trust that you will show me the way I should go when I stop leaning on my own understanding, even if you show me one step at a time and no further. I trust you where you have not answered me. That is the hard one."
B061,Belief becomes a concrete next action,"forest river warm sunrise,water reflections trees,quiet stream wide",Warm reflections move on the stream while the wider forest remains steady and unhurried.,"storm, flood, despair acting, faces, dark night","Your silence there is not neglect, and you have not gone quiet because you stopped caring. Let the morning bring me word of your unfailing love. It has. Show me the way I should go. You will. To you I entrust my life. I do. And believing you is not the whole of it, so I am going to do something about it today. I am going to answer that message. Today, not tomorrow."
B062,The avoided conversation is approached gently,"forest trail warm morning,back view walking,stream path light",A small back-view figure begins walking on the forest path in warmer morning light.,"face, victory pose, running, commercial acting, midday","Badly, if that is the only way it gets answered. I am going to open the conversation I have been avoiding, and I am going to open it gently, and I am not going to open it to win. I am going to speak to that person in a different voice than the one I used yesterday. Not a performance. Just a lower voice and a longer pause before I answer."
B063,The listener moves without seeing the whole road,"forest path soft sunrise,stream beside trail,misty trees sunrise","Soft sunrise widens across a forest path and stream, making the route ahead clearer.","midday, sunset, harsh flare, faces, fantasy effects","And I am going to make the decision instead of circling it for another day. I have asked you for the next step. I am not going to stand still, waiting for a road I can see all the way to the end. If I get it wrong, you will correct me. That is not a risk I am taking alone. And now something in me has gone quiet."
B064,Quiet arrives though the day is unchanged,"wooden bridge stream,path through forest,back view walker","A simple bridge crosses a quiet stream, optionally with a tiny back-view figure moving slowly.","face, eye contact, acting, broken bridge, danger","Not because the day got easier while I was praying. It did not. Everything I walked in here with is still true. But I have heard something now, and it was not the voice I woke up to. The one that read yesterday back to me is on the floor where I left it. It can talk. It cannot go first anymore."
B065,The first voice is now known and carried,"still water forest golden,birds quiet morning,soft sky reflection","Still water reflects warm sky and trees, holding the silence after prayer.","noise, crowds, face, rapid cuts, sunset","I know who spoke first this morning, and I know what you said, and I am going to be carrying that around all day whether or not I feel it by noon. It is enough. It is more than enough. It is quiet in here now. <#1#>"
B066,God keeps speaking beyond the prayer room,"forest river golden aerial,trail and river drone,open valley morning",A slow drone follows river and trail together toward an open golden valley.,"fast orbit, dive, hyperlapse, tourism spectacle, sunset","You were speaking before I woke, and you will still be speaking after I close this and step into the noise. That is not something I arranged this morning. It is who you are. It has been true since before I had a name. Your love did not begin when I finally quieted down enough to hear it, and it will not end when I get distracted at nine o'clock and forget I prayed."
B067,The old accusing voice no longer goes first,"forest path soft sunrise,stream beside trail,misty trees sunrise","Soft sunrise widens across a forest path and stream, making the route ahead clearer.","midday, sunset, harsh flare, faces, fantasy effects","I came in here losing an argument I did not start. The voice that was reading my failures back to me is still in the building, and it is no longer the first one. Nothing about my day has changed, and everything about who is speaking into it has. I am not hurried anymore. I am not alone in it. I know which way to take the next step."
B068,Jesus brings the listener near as a child,"steady tree forest,tree roots morning,forest sunrise still","A mature tree stands beside the path, roots visible, branches moving slightly in morning air.","broken tree, storm damage, faces, fantasy shield","And I ask all of this through Jesus, who made it possible for a morning like this to happen, who brought me near so that I am heard as a child and not as a stranger. And now, for the one listening. May the first voice you hear tomorrow be his. May his mercy meet you before your feet touch the floor."
B069,The blessing asks for mercy before the first step,"open Bible golden morning,Bible beside stream,hands on pages","Open Bible and hands in golden natural light near the stream, reverent and simple.","wrong text, face, church stage, supernatural glow","May you be given the one step you need at the hour you need it, and not one hour late. May you be kept steady in the room where nothing has changed yet."
B070,The blessing steadies unchanged places,"sun rays forest mist,dew leaves sunrise,quiet stream light","A first warm ray touches mist, dew, and water detail, small and reverent.","red sky, lens flare heavy, faces, fast timelapse","And may the love that spoke over you this morning still be speaking over you tonight, when the house is quiet and you are alone with your thoughts again. <#1#> Take one more breath here before you go. <#1#> When you are ready, open your eyes, and carry this morning with you instead of leaving it in this room. In Jesus' name we pray, amen."
B071,The final breath carries the morning forward,"forest river warm sunrise,water reflections trees,quiet stream wide",Warm reflections move on the stream while the wider forest remains steady and unhurried.,"storm, flood, despair acting, faces, dark night",Stay in that quiet for a second. It will follow you further into today than you think. <#1#>
B072,The community invitation stays gentle,"open forest horizon,golden trail wide,river valley morning","A wide golden path and river lead toward an open horizon, slow and peaceful.","fast drone, tourism spectacle, face, sunset, subscribe animation","Before you go, one word in the comments. Just write, listening. That is all. It tells me you were here this morning, and I will pray for the name beside it today. If this morning helped you, leave a like so it reaches someone who is praying alone this morning, and send it to the one person you thought of while we prayed."
B073,Tomorrow's prayer is teased without breaking peace,"open Bible stream morning,hands Bible sunrise,forest devotional","Hands rest near an open Bible beside water in natural morning light, calm and unperformed.","wrong text, face, pulpit, stage lights, candles","There is one more line in David's prayer that we did not touch today. After asking for love and direction, he asked for something harder. Hearing his voice first is one thing. Walking out into a day that already has something against you is another. That is Psalm one hundred forty-three, verse nine. We start the day with God together tomorrow morning, before you say anything else to anyone. I will be here early."
